,ID Conexion unico,Usuario
0,f10be9301bcb139a,csegeview
3,01937968f39ee714,csegeview
7,7f54308a9c004925,csegeview
8,2ea391d514ff6012,csegeview
14,d47e3eb8ae1a763c,csegeview
16,4283d43a4a329da3,csegeview
22,837a55a71579769a,csegeview
31,422a91bb5fc12548,csegeview
75,b464eaaa24efa0b7,csegeview
82,b8541ce6c5d78123,csegeview
87,f9484940d9f38899,csegeview
88,4813bae36a126e04,csegeview
93,2e97ea4f42836a2e,csegeview
99,41e4e2e48e5e132d,csegeview
102,f926ead3915d3771,csegeview
103,eea8fb31d6d1d01f,csegeview
106,fd1f4698393abdde,csegeview
111,fb3aab516eb1bec0,csegeview
128,16ee6429fd36ef16,csegeview
192,4ca88a8225358ea1,csegeview
195,b5a261ac9f909457,csegeview
201,c344e3bcc757cc11,csegeview
214,b759daa32daf6692,csegeview
224,abf65bd481cf1923,csegeview
289,c4af570509ce9302,csegeview
297,28dc3a73be1e3852,csegeview
303,3eeeebcdeff250d0,csegeview
348,748523d74ebaa33b,csegeview
354,8355aa14eed2570c,csegeview
379,fb04fbbe9f5182dd,csegeview
394,bbe2e497752ed8b8,csegeview
411,3076d7488dd2f677,csegeview
421,aae714520818cf5b,csegeview
430,52dd12d60a99ac3d,csegeview
438,ce500441a38131c2,csegeview
443,546875a9d20110f5,csegeview
453,2a80779be948d0d1,csegeview
454,e16e2ac8db130518,csegeview
456,776ed54dd093c3a8,csegeview
463,ed4e24a0898dcd22,csegeview
465,75b90d5b4277048b,csegeview
473,6b61a580477db641,csegeview
475,e5c7d66e7c430c2e,csegeview
476,c19fbe5b0c1bbe48,csegeview
482,bb6118de1ceb8e62,csegeview
485,f53ee957d1740e75,csegeview
488,45bd300305981428,csegeview
496,293fab5f7f6027f8,csegeview
511,1d7406de07aa405d,csegeview
521,4917618fc6b54248,csegeview
590,25ce1f145156638c,csegeview
593,b02af470c7c98d30,csegeview
615,572589d2c15ff2a5,csegeview
620,a31d600b50032306,csegeview
634,3b411140bd96d935,csegeview
636,e708b5aa4b2662a8,csegeview
696,462f2c46934b1842,csegeview
811,a201697f539eaa14,csegeview
858,f1a64a5c453e55cd,csegeview
867,80169743d61d5e6a,csegeview
875,c3ad0f99e9069e1b,csegeview
1575,8dc8da3ee7d9d3d0,csegeview
1685,2152db7a988e8629,csegeview
1933,9246f3b7253eea98,csegeview
1945,f40476ba87fcfad2,csegeview
2932,ea25c58b8c18193c,csegeview
2933,5638f296e02073b7,csegeview
3013,4c623490f8ffed39,csegeview
3062,5a6627455eedd14c,csegeview
3145,fc9511fdddb1dbc9,csegeview
3176,eafcb6e9b731be6e,csegeview
3188,a469718fbe050c91,csegeview
3230,e60fc66ee1c86430,csegeview
3722,141238f639588a10,csegeview
3757,68f8afa6ac5178ca,csegeview
4128,d7dc953bf232efca,csegeview
4187,78a18d150af9f51f,csegeview
4340,e7c523ea60a32855,csegeview
4457,2080d177fd3f8b4d,csegeview
4545,24541a3b2b592d96,csegeview
4671,aef937f53622a36f,csegeview
4961,0051fe6470af817a,csegeview
4971,c2e700d82aff32ab,csegeview
4992,81992752256c3312,csegeview
4996,b60b95d88c34990f,csegeview
5087,963ced80db223960,csegeview
5641,5ed7336dd93fd11c,csegeview
5642,61f04f57ef33be31,csegeview
5657,82f49181a191f867,csegeview
5663,038c77272bd3c4ca,csegeview
5673,536f8dae8a976d40,csegeview
5674,f6998f1224d2a415,csegeview
5720,b4b1cf1a951e91cd,csegeview
5721,c2f6181767bc9852,csegeview
5727,8117f42c8c3dbc55,csegeview
5728,941ffbbc4c92af29,csegeview
5804,ee88025f3588fd3c,csegeview
5882,2d450227e6d43dad,csegeview
6028,a8565d4f879dbb8d,csegeview
6093,75d97085030fa5e0,csegeview
6096,80ae7393a5fa5a9c,csegeview
6097,b7c3cac06078c00f,csegeview
6098,b2f19153067fb83b,csegeview
6195,55e2429504bd73fb,csegeview
6255,34ab06ac249fb0ed,csegeview
6286,da1fc72faa016536,csegeview
6296,1d8bc772c45c7ae7,csegeview
6305,9f4c70942efefa67,csegeview
6316,87b9a1e745edd125,csegeview
6426,f90fc965fc435e24,csegeview
6444,8b0fffb2e6e8c38b,csegeview
6458,0b79376a0ce2be5e,csegeview
6466,e27fc1dcf8f3653d,csegeview
6468,a7b51ac86a6d5b55,csegeview
6476,fab1c4b5a5f7d985,csegeview
6504,306709210e870ddc,csegeview
6545,49a7a9dfc4c82fdc,csegeview
6565,efdbc4035a4a10de,csegeview
6566,95eb66bbf82a5843,csegeview
6569,ccfb71d9f4b6b59c,csegeview
6580,827db2f7edea2f2d,csegeview
6586,4c63722f9eb10fc8,csegeview
6593,ea35a7ab67b36e31,csegeview
6596,653ba5bc9e9ff733,csegeview
6604,af1a2a82f0a6a2eb,csegeview
6683,067a734a889b988f,csegeview
6684,9e4f6111e7c43d87,csegeview
6744,d32e8f55c2eed1ff,csegeview
6745,aea25593e083dd35,csegeview
6759,98bfaa5203b35372,csegeview
6770,8718092d25160d28,csegeview
7143,f04d982d8ad8c9d7,csegeview
7168,0a2aea0076c87614,csegeview
7171,402e481c5ef13530,csegeview
7172,102cf5ed65dc2db8,csegeview
7174,36c334cf89c5fcc7,csegeview
7268,da3246f768f45dbe,csegeview
7302,10432b67d0307432,csegeview
7454,ae1b85a41a0036ef,csegeview
7484,675d01b7f3360232,csegeview
7493,98b826b6c172fbdf,csegeview
7500,b5a19cf69fd188b5,csegeview
7501,6ff1a2d51d9a2817,csegeview
7517,8223506865490f40,csegeview
7539,1d0150deda1e6411,csegeview
7566,fdc9c5404b869634,csegeview
7570,115981a7f8badd51,csegeview
7609,a84ba684c18f23f9,csegeview
7610,9d988d357aadd82f,csegeview
7613,0f9e4e1c93a48937,csegeview
7622,e43d9c94663c1589,csegeview
7703,df2f921266f696ba,csegeview
7706,0432e882023eb058,csegeview
7707,691065d6df5e17e5,csegeview
7729,729454ebc198a12c,csegeview
7787,af1ab2a3f642ae62,csegeview
7827,d556a841d98aedb2,csegeview
7830,53d50938d749232f,csegeview
7840,79d86baf03f941de,csegeview
7852,b27e41f0444b5b4a,csegeview
7867,d42fd1c8558d658a,csegeview
7889,85292005be2bfaa0,csegeview
7894,61c8eb36647fea44,csegeview
7917,fd99046c7d0edf0a,csegeview
7919,bdadbbe1df2f29b2,csegeview
7923,6b9f20578c95c21b,csegeview
7967,2a18804815e35342,csegeview
7976,e71af013983e09a3,csegeview
7985,93de1f24009981e3,csegeview
8032,e8d306a86be93c61,csegeview
8109,5a69e67f02d700a2,csegeview
8110,f870c2f963c9a133,csegeview
8136,4ce4d4a49cb2ab7c,csegeview
8138,0c4b87ca8c662759,csegeview
8152,30c2941008591056,csegeview
8184,01b83c79585f97d4,csegeview
8225,91434e23971a4ade,csegeview
8227,f774723ce5689516,csegeview
8254,b114bb0d6157a2a3,csegeview
8259,5aa4697364cf7807,csegeview
8271,18eea86a53e43042,csegeview
8292,9f8254b006c36b82,csegeview
8325,c954273db0762738,csegeview
8339,bca277ffedcd9b6f,csegeview
8342,406b9a28a0207062,csegeview
8344,04a2d1cc876a095c,csegeview
8346,6fa9045fa7f955d7,csegeview
8349,d4ef4a06f8e213f4,csegeview
8350,826be5df3691c502,csegeview
8351,bd2b9b8e97caa19f,csegeview
8353,58cf09504df8857b,csegeview
8356,d228b59bbaecb19d,csegeview
8372,f70743b004cdbca4,csegeview
8374,4f6248eb93c5b79c,csegeview
8385,0d4c22f09e8527d1,csegeview
8401,59cf22ac77d09f6f,csegeview
8427,41d9d76880a111a3,csegeview
8429,c70825b8edd3a544,csegeview
8432,c2c2d69054abbafe,csegeview
8433,e63ce34566e5a420,csegeview
8471,1e17e3ba4d4d59da,csegeview
8473,89108cfd829d4d0d,csegeview
8493,0443f349eb3e8c9c,csegeview
8953,6b8f74df9d8bd87a,csegeview
9000,df6aa5c8da94225e,csegeview
9003,34b5cdd8e58357c6,csegeview
9020,191d9dd1d2331e35,csegeview
9022,45f97677423b4eac,csegeview
9063,ef191ff7315dddb1,csegeview
9065,82acafb79d749e30,csegeview
9076,f90c2b9de919ffe2,csegeview
9085,199d93a52f8e479f,csegeview
9113,2c7c97ed48e26394,csegeview
9114,e1b4cbc1b8c97632,csegeview
9115,2e370fdbd48284b0,csegeview
9116,0d0fa25ba9919632,csegeview
9123,0ccae16824a0dcd3,csegeview
9126,01554779291fedd4,csegeview
9129,cf16f80bd0ce2d12,csegeview
9131,75f3faabd4dc5eef,csegeview
9137,f0b8a4b8bfb79e53,csegeview
9148,e0c6abc7258d936c,csegeview
9149,53525b23931865da,csegeview
9151,422ab82927764fe1,csegeview
9153,b08b50535821a603,csegeview
9182,86a654b1a955ecb2,csegeview
9191,b77911800b9ded17,csegeview
9202,e0b28e7a76bdb980,csegeview
9203,fb31b128b06307ce,csegeview
9211,e9dc42ca7dfafdb6,csegeview
9212,e1652f0a52ad0769,csegeview
9213,f51f0e50ace8479e,csegeview
9218,5fd8ec21722c816c,csegeview
9222,afc7d7d98ba5fffd,csegeview
9255,ef6d167ad3d65d48,csegeview
9258,16b25ca65463c9a1,csegeview
9270,4bfce85397c0e3e8,csegeview
9412,a5729b4ff44e3b9e,csegeview
9416,f8837c0f25359e2e,csegeview
9455,788bdf5bc6d6f9f9,csegeview
9506,ae3bca3441852f56,csegeview
9591,39b079d2f0ba8247,csegeview
9592,d7ce942568090e43,csegeview
9593,88e358a499074ec5,csegeview
9594,a8d71f99ef897ac9,csegeview
9595,3b0920e6edd091b6,csegeview
9596,2f802c3dcc9bbdeb,csegeview
9599,4246738bbf86fe6a,csegeview
9600,1fcdbcfab310f5da,csegeview
9603,05cc848f74847b5f,csegeview
9607,1b14cae6a8be656b,csegeview
9608,033af51997b44eab,csegeview
9632,7c187cbd6c33da4a,csegeview
9639,9d0f863e4aff784c,csegeview
9660,9359747b69e95b18,csegeview
9667,c8ede8955afcb084,csegeview
9671,3a7e30519a371984,csegeview
9709,9ec8944a9f358212,csegeview
9710,d7c25d66752362b9,csegeview
9720,62ba3b34343644f9,csegeview
9759,b5bf6771dc8c56d6,csegeview
9879,6e404b1dafbe9f35,csegeview
9884,763baccf1f2d1a1f,csegeview
9885,13cb038541a19cfd,csegeview
9889,98f0a19692050834,csegeview
9915,4081827ecf4e4468,csegeview
9920,4564bf06c09d641b,csegeview
9921,ea885e6fc6e22f30,csegeview
9922,168bdf3b095383a9,csegeview
9997,d143de9674e85c4d,csegeview
10007,e272bdd13cde9052,csegeview
10008,876fba4c981fadf2,csegeview
10009,f6ec7a7a39e7fd28,csegeview
10010,3a155fe6f7cbce03,csegeview
10011,ad5ba1ebf2ee6501,csegeview
10012,74d53122f1999d95,csegeview
10013,41b3b1501543a2d7,csegeview
10014,caeff8a21ae47353,csegeview
10015,bda54a91f68ce085,csegeview
10016,d3b76dd433379664,csegeview
10022,8e5e5b12fdd16037,csegeview
10023,74328ecc8213f924,csegeview
10024,cec603ff4d6306dd,csegeview
10032,2cec1dd72c6e7ac1,csegeview
10033,38f2a7eb1f71c7f9,csegeview
10034,be6890597d1fd08b,csegeview
10036,0974f47561f329cd,csegeview
10043,b38af2c135484ef2,csegeview
10086,290b2372a8495b71,csegeview
10679,848b40c3ee88304f,csegeview
10680,3954013414128fad,csegeview
10684,e5b2aaa836317394,csegeview
10685,0be7fe3a90b9a424,csegeview
10693,c68b382bfdec6bd3,csegeview
10695,bbc0324a9c9bac08,csegeview
10696,f603149c9d542e36,csegeview
10699,e6381f73a32e5b9f,csegeview
10704,2b69d46f6a285e30,csegeview
10749,a131d2f676807e4a,csegeview
10782,f687965247eadf9b,csegeview
10783,4975fecb9f8d77e9,csegeview
10821,214f8afddbaebf5d,csegeview
10884,6551d5a80b226e49,csegeview
10894,6887ae3365064d38,csegeview
10990,e029b4f87ef088ce,csegeview
11027,a44c59b296082100,csegeview
11067,2b1b971bf3d7d121,csegeview
11078,f3a2a29302f28e20,csegeview
11086,9ef4be9ab339043b,csegeview
11087,7a631e97f7924fc5,csegeview
11105,1c30d707ce424ccf,csegeview
11118,13508460043aea4b,csegeview
11119,44a01cd954c5ec15,csegeview
11120,53d60907bb159a5f,csegeview
11130,62ff20f04e22ad53,csegeview
11145,f9eb7521ff56d653,csegeview
11147,94c8d543b324d3ca,csegeview
11158,479d917cee6551bf,csegeview
11159,48bda84ff1c5715a,csegeview
11160,27e3ebfb63ccbeb9,csegeview
11161,fefbb1880ad6d343,csegeview
11214,45a39fa426e83977,csegeview
11240,ae50567e7f29f6f8,csegeview
11241,c7611376c88da1ad,csegeview
11243,04f20b7d0ced56b4,csegeview
11245,60a888806f7f2809,csegeview
11253,b4b86d1b5deda2a7,csegeview
11258,bfc311230b88c328,csegeview
11259,a86514fd1944fd72,csegeview
11273,b2fa22f4db673b01,csegeview
11276,d6582ade9052c442,csegeview
11315,d0bac0371dc2233d,csegeview
11371,506ddb77ee97cda1,csegeview
11515,9fad7fe2bf2b141f,csegeview
11991,7777baa8e27e06ef,csegeview
11992,d01943c650c643ab,csegeview
11993,d3c0d631c74bd00e,csegeview
11994,cba977f057c42e94,csegeview
11999,6fd368d42ae0c314,csegeview
12004,09e83e13b904e2bb,csegeview
12053,9a7b2fe90dd0dae2,csegeview
12073,03df30aa7472f7f4,csegeview
12081,87476a8b19b7b630,csegeview
12085,35dd20351edd27e6,csegeview
12098,942f52051aee580c,csegeview
12126,0a53cb5ee2c79b80,csegeview
12127,09d502b67bcd8bc7,csegeview
12134,9700283bb810b5bb,csegeview
12135,401961ae858c7b30,csegeview
12136,a19b5ca01c816c00,csegeview
12137,b525f764beedfe3c,csegeview
12138,a35a0c2adcbe7286,csegeview
12141,a2ec82695c6fab2c,csegeview
12142,2decfc98970a44bd,csegeview
12143,206b22eb531e566b,csegeview
12144,004503523c05c78f,csegeview
12145,069e6f6d5329c259,csegeview
12146,fa2d8cc5e7f3a464,csegeview
12147,11d8b6c855add2b6,csegeview
12149,3b6cfd68db63a4d6,csegeview
12151,dc899a36969697d0,csegeview
12152,47fc133b582c2a95,csegeview
12154,626ce292a2a3663c,csegeview
12155,97dede53048ad484,csegeview
12156,1f4286b768eaf579,csegeview
12157,8c1fa166a466fec8,csegeview
12158,5b730b1175387cfb,csegeview
12159,e9a6eac6ad32ee8a,csegeview
12162,d369639a0e641814,csegeview
12164,42b9b40bb17245e8,csegeview
12177,2f2172765a278670,csegeview
12192,4d5ea1c3d6afe865,csegeview
12202,f68d14fcd65d8250,csegeview
12203,344d63298e3f34b9,csegeview
12212,9d4a048a06aabf53,csegeview
12215,2eb6f7b1287099d0,csegeview
12218,a44497717ea29908,csegeview
12221,a2a17b5ff1c47b07,csegeview
12222,78223ecc448e1e7e,csegeview
12238,b28c06973280acf8,csegeview
12239,e1a5f7cb93000d50,csegeview
12240,745f4f3ddb436c30,csegeview
12271,0698e772c56caa8e,csegeview
12275,1a5af3c377fad9f1,csegeview
12308,db71d7c43f121a9e,csegeview
12317,e8c950fb28cde311,csegeview
12384,3a120c929b610b0b,csegeview
12392,502b3a32e4bb96c1,csegeview
12415,6481379c906fa6b9,csegeview
12417,0f1cfed4f2a8cef2,csegeview
12426,355b8fa0d1a43fe2,csegeview
12428,299755cb7e508d56,csegeview
12431,c49315e3bbd05a9c,csegeview
12437,6c9f898de8dee5c7,csegeview
12549,4936fb98c244a79f,csegeview
12567,a293919fae65d075,csegeview
12581,1e03b1ad42d86aa0,csegeview
12604,11c63028ebbe0ba2,csegeview
12609,953448a7854de5da,csegeview
12636,99b293d011462ccb,csegeview
12668,bad85724e1979f06,csegeview
12723,080f9f09409f67ca,csegeview
12725,44fac6b6a9e92cb7,csegeview
12742,cec021748af0662b,csegeview
12749,0dd3b2d0a7ba7e06,csegeview
12763,94a27037a7c34ad2,csegeview
12786,1f1976d2528ee661,csegeview
13667,4a8228a12c2138d8,csegeview
13668,48e94da000e279bd,csegeview
13687,fbee9d26aa04e870,csegeview
13688,421676ca093285f9,csegeview
13689,76103a2a6b16ef65,csegeview
13690,15ea4ea7f24015e8,csegeview
13748,bc8e50c92b10f32d,csegeview
13750,35398e29e69c8c22,csegeview
13761,fc1b045b9634300d,csegeview
13766,80ac4451cc12c9ac,csegeview
13782,96406a8b2d6eb9fc,csegeview
13783,aec02d39a07a2c72,csegeview
13796,483c035007108200,csegeview
13800,71fa5e1082273ee4,csegeview
13801,214b709d48ce7f5a,csegeview
13802,1214a5a9103ac6b2,csegeview
13804,9ce8ecc7862c0156,csegeview
13814,76525ac1da5d1fc5,csegeview
13815,a43e23bd1415cd7c,csegeview
13816,d022ff0a3f67afe2,csegeview
13817,f26f0271b3a9f77d,csegeview
13820,a2e6bf66ba86aa5d,csegeview
13822,02aee0c6274b3858,csegeview
13824,52977a0ab771ace8,csegeview
13826,8f280d8c16b7e432,csegeview
13830,0f425488e5cd5e20,csegeview
13831,0ee2a3be45b78733,csegeview
13834,c06ab8728bbdcb16,csegeview
13836,616c987765f0b97f,csegeview
13841,be2b8a0c083ed22d,csegeview
13842,ff32a4c58a77b2dc,csegeview
13849,ea650b0910b7f1e9,csegeview
13850,30c5172f50caaea8,csegeview
13855,4e03515e061f5060,csegeview
13859,51cc050cda028e70,csegeview
13864,a568fb2b6e43b3a4,csegeview
13866,51f5475a1999c9fb,csegeview
13870,af6b7a54aab127f9,csegeview
13872,8c3b2a15b0c848f1,csegeview
13873,d2e4c32f0308ac99,csegeview
13874,db5745ee23901e0a,csegeview
13875,8cc718746aa5b729,csegeview
13877,398dba3d8496bfba,csegeview
13880,08f353378ddb2f54,csegeview
13883,64fbc8be10837f51,csegeview
13884,da897753fd037612,csegeview
13886,cdb88c83d7ffc9e5,csegeview
13887,6cd46c70ebb8c91c,csegeview
13888,83384f8558c65c45,csegeview
13890,e4633f0521e91c2c,csegeview
13891,18eff40ae8c01a95,csegeview
13893,181d03e39f4f5d28,csegeview
13895,9a7e6b35453fcc69,csegeview
13898,96093d1bfaa4a3bf,csegeview
13899,32b18c62e7b8f3c5,csegeview
13903,fbaa4888c8f38def,csegeview
13905,89071939bebe4423,csegeview
13908,8c622f54683646fc,csegeview
13909,4fbf19a072fdc8b0,csegeview
13911,2dd5f379a0a4356f,csegeview
13912,e813ff58504793c4,csegeview
13913,7d45cb2754509cbf,csegeview
13914,d8a31e719e4f0681,csegeview
13918,72fa9729a82d9832,csegeview
13919,adab360cb8c3a15c,csegeview
13939,748c448279442cc9,csegeview
13940,b8e66a5b4945301d,csegeview
13947,20ca762aed3d2929,csegeview
14041,19005606b9e6465a,csegeview
14046,edb2f59d815409c3,csegeview
14048,2b4ec7b89a7e43c9,csegeview
14052,68aa8ff2a4b192f7,csegeview
14053,257f660f209759dd,csegeview
14054,b2b2753825e935c1,csegeview
14161,e00adee70fdf812b,csegeview
14232,f3eacac473daa99a,csegeview
14248,4ea9a2d36dd3b0b7,csegeview
14249,8f5b9676d0aa38d0,csegeview
14253,77b85426f81b4905,csegeview
14280,cc4189c158be5919,csegeview
14384,2e9794265bc28661,csegeview
14412,bcf814732ddbc3a5,csegeview
14413,8c1ace7602e7e95b,csegeview
14418,3d87505410f6ca28,csegeview
14425,5dcc8ec2b07b6cc4,csegeview
14426,fd1c8a779800ecc7,csegeview
14428,5b3cac2497d09c5e,csegeview
14433,c06690b5ee13d6d2,csegeview
14445,877be6d94b22395d,csegeview
14509,2779ca9e7b22e0d9,csegeview
14533,4ad92fc36a761e1e,csegeview
14557,b1b6dcb84a22ce9d,csegeview
14577,79ce7a2db4532b16,csegeview
14793,dbe15660107070a5,csegeview
14860,5f26273a43cc6969,csegeview
14899,96aca1c71d5b8413,csegeview
14968,210c02e77fab8281,csegeview
15423,fd4311198c1cca76,csegeview
15428,c708ed977735a64d,csegeview
15435,06c4f8e475cbaed6,csegeview
15456,48db3d333beb74ef,csegeview
15588,54a1c98945c0edbc,csegeview
15599,0b86d6d8265e2728,csegeview
15632,9f5f5353114d2592,csegeview
15641,321f9663541430c6,csegeview
15688,b176ddc2c97e664a,csegeview
15732,825e5460d8792789,csegeview
15736,6bf55b1c39431780,csegeview
15738,ba6a06154cc780c9,csegeview
15739,b7c0df4ccc421d19,csegeview
15750,aebd32b622414d2f,csegeview
15753,80c9ebfcc979d256,csegeview
15757,d53dbf28f4d78ba6,csegeview
15759,4e5b44e545eb635a,csegeview
15760,5d8e7305793cddde,csegeview
15761,9186fa08b9ea3001,csegeview
15773,e1649f4b6a316704,csegeview
15783,d3a29ad2c68e6b6e,csegeview
15809,298bfbb80fbb1b96,csegeview
15825,1f7af5793c2fec2e,csegeview
15829,22c8517a339450c3,csegeview
15839,8fb12ef2f8b08228,csegeview
15842,f8dd211cf7939c02,csegeview
15845,746e15b7a16a02ba,csegeview
15874,959f4332f1ea0276,csegeview
15877,1b60c911bd069b9a,csegeview
15879,92ddd000e167bc54,csegeview
15884,dae69aa76650f8f2,csegeview
15956,64d121a26f4cec02,csegeview
15958,765ec94d198ac572,csegeview
15970,e413bbb3e747b4d4,csegeview
16092,bced4f5046b02e71,csegeview
16095,c8d834a52bf9efb4,csegeview
16165,7936950edab2759d,csegeview
16172,b536ab3891f88e46,csegeview
16179,e22371a46fd0c6f7,csegeview
16223,479112ec5ce3527b,csegeview
16232,237d6735ee6ceb70,csegeview
16235,1a0b6601c2254e6d,csegeview
16267,7b3f7ef775b73f00,csegeview
16283,de2e5efe19d6410a,csegeview
16322,3ed60bc9bfd1fdd5,csegeview
16345,b3998c300b05a28f,csegeview
16372,2b79357a69c0ce66,csegeview
16386,27fe80099771e036,csegeview
16395,fe793b96de8ce02c,csegeview
16404,7308a146cd89b6a4,csegeview
16407,0e5c6e06cb97517e,csegeview
16410,f9b7b3201a3769d9,csegeview
16419,73f0182e192e07b4,csegeview
16421,82b2a4db7ebdca33,csegeview
16425,30488d528896f088,csegeview
16448,c901096d8e7f526e,csegeview
16452,951592f75145e740,csegeview
16454,7fdc5506c0c31d7b,csegeview
16456,278f43a7e6e3c038,csegeview
16471,05785cbd2ffe3270,csegeview
16587,c888ffe2a3f6ac26,csegeview
16594,c045b56ead0982d4,csegeview
16595,37622df0fe99541b,csegeview
16596,2762514caa67259d,csegeview
16603,5c4a282fc5bc36b1,csegeview
16635,73d694eb238dd8d1,csegeview
17444,c5f303edeecd20e0,csegeview
17445,48b7aecab6313762,csegeview
17447,0b62beae585131b8,csegeview
17449,a1998d0d75947cad,csegeview
17475,7af3c28605837dd0,csegeview
17490,b5bd1942833fe02a,csegeview
17492,8bebd4f44252d39e,csegeview
17494,3112f16f1aa4ec19,csegeview
17499,d051625fb1b4fa32,csegeview
17501,80bdea0bdd12ded3,csegeview
17511,08d7d5fae98aef25,csegeview
17512,425ffb9c21e5a14b,csegeview
17514,0f2488a983e05fe8,csegeview
17517,5caaf8f03e7e071a,csegeview
17518,d01c08a9add334e0,csegeview
17519,4ad5b04217da7bff,csegeview
17529,74ffbbc7dec0645b,csegeview
17531,f0f09ce053b7845c,csegeview
17534,0de7ff174ad98074,csegeview
17536,14ef5fcfa0ec1783,csegeview
17538,9d751f1ed57a8256,csegeview
17539,b117528a0ba79ee0,csegeview
17544,a8b9d079f2abcbe1,csegeview
17547,eb7f3e47a01d8a6b,csegeview
17550,dd16c5a0f80314f0,csegeview
17558,e4fd41856a0646d4,csegeview
17560,db1f56ce7fc07ba3,csegeview
17567,2d3939bc3fdc40c2,csegeview
17568,84b39245d67e3db2,csegeview
17571,40a0b41aec9adf6b,csegeview
17585,6d6b13011081e401,csegeview
17592,66abb4ac91b36e5e,csegeview
17594,669f04d0a3adb869,csegeview
17606,0be6a29c29d30f1a,csegeview
17608,4516a48d19ac4651,csegeview
17609,a66c9c66ca0dfcb5,csegeview
17617,fbed4ef1188953e1,csegeview
17619,06d8a883387dbca2,csegeview
17622,b57e71fe13b5ca22,csegeview
17623,dd099af17ab757ee,csegeview
17626,afb9e3814f38fa02,csegeview
17634,64ac7d4a35c39542,csegeview
17643,9002cff653015a8d,csegeview
17646,daa0fd9af5bb5c35,csegeview
17651,fea800397a04f5e8,csegeview
17661,4df71495768b30b4,csegeview
17666,d1fe1c31ce80469a,csegeview
17669,1be1dfe9f55ed340,csegeview
17672,9d6693f9b8e307b0,csegeview
17675,c4b5b0208330975f,csegeview
17681,51b2f0168de2944d,csegeview
17683,c949a1ef4e7bf47c,csegeview
17684,3c86e2273e975cbf,csegeview
17687,b0ad3c0bc361caf5,csegeview
17689,369ff876e1015178,csegeview
17703,60881c84b0679bff,csegeview
17705,ba5060b996330322,csegeview
17707,cabae13282caa4e9,csegeview
17709,652e872f0e0a42ad,csegeview
17714,6c98447ce73e3f17,csegeview
17728,522f794ea1b40eea,csegeview
17731,bcc388c3561c4927,csegeview
17737,177e606afca5142b,csegeview
17738,b143513045229cce,csegeview
17739,fa4a80417ce2b94a,csegeview
17741,59929f1468052d9a,csegeview
17745,603eb42d868e921f,csegeview
17751,bd94cedf3ce76953,csegeview
17759,019bbc3d8caa52a1,csegeview
17765,ead82499548d74c4,csegeview
17766,9c4ba456ee5d8cce,csegeview
17782,2713a78cc7c4e4f9,csegeview
17787,eeb4d6a78ecd82c1,csegeview
17807,2168b91e45a4bbcc,csegeview
17839,d3296dcac5227c43,csegeview
17842,d54921a698ab6c0d,csegeview
17844,8b337083bc70b3e9,csegeview
17845,d8338be0bc38ca29,csegeview
17850,7f88fbe6e5e02e6c,csegeview
17871,222e4ee824d4e93d,csegeview
17875,b2cb14f4e4fd0439,csegeview
17876,9ff3a0ed43a1a9f7,csegeview
17902,c4c2518e44f0006e,csegeview
17905,fea1b741efdc1a81,csegeview
17906,43bd28203ce9be26,csegeview
17908,8d09740829c05cfa,csegeview
17913,afb4e442c744156b,csegeview
17914,d1f9cdf22bf5a708,csegeview
17916,5e8c9ed2d2175d1d,csegeview
17919,44fca8345dd5382d,csegeview
17923,6e00874e42ccbb97,csegeview
17926,33cb256843620d6b,csegeview
17931,a9ee18474465a621,csegeview
17935,6b8a1b677648c879,csegeview
17936,1eba66741a28c602,csegeview
17939,aaf27603da7623b9,csegeview
17940,dc663c6fd0e85240,csegeview
17943,6a5ce69e93bcfe72,csegeview
17944,04d2beb4d16793c6,csegeview
17945,dbfbaf60db1c95c9,csegeview
17949,dcc4342c6d5a21ce,csegeview
17950,762d824e5bd7169b,csegeview
17951,17ed52d8f189c84b,csegeview
17952,9734c85a2a6275ee,csegeview
17953,b592af3453c38151,csegeview
17955,45a161f2640983af,csegeview
17956,19874a1c1417a15e,csegeview
17965,c7aff7b694cab284,csegeview
17966,73cca76092c54c18,csegeview
17970,f04c0e94896035ec,csegeview
17971,bd7abe923b88f5cb,csegeview
17974,7c64f83551e30e4e,csegeview
17976,29dca8fec1caaf3d,csegeview
17979,48216b73084bf409,csegeview
17980,ed8dd096a064f770,csegeview
17983,84af3f0bf340b1c7,csegeview
17984,db1ef66b217d3df0,csegeview
17985,749385e08121587b,csegeview
17986,c773216ffa0b9fa0,csegeview
17988,ed7144cdbb08ab8a,csegeview
17989,5a56e70a24574ef2,csegeview
17994,850d33563eb7252e,csegeview
18006,a7d2bfec06c269e7,csegeview
18011,ddb61244f6362bf0,csegeview
18013,67de4711bec45c8c,csegeview
18018,9fe49e89133ff70c,csegeview
18020,03f3dcf95b9011c9,csegeview
18028,b398241f889b05a2,csegeview
18031,7babcafecc5fd4f3,csegeview
18034,1661676471c2bf41,csegeview
18047,2025a4d09ae183bf,csegeview
18053,991261d2501d6a29,csegeview
18056,5cc0df6cbb68fb39,csegeview
18069,adb4a630f513c12e,csegeview
18072,494d7badb581aba8,csegeview
18080,b4d2eed037334cc1,csegeview
18081,7ec3af58f34a9d40,csegeview
18084,bc56fc4b0c1f363a,csegeview
18090,5f9ac74c916f651a,csegeview
18093,c237203f78fc5f38,csegeview
18097,65b71664a1b0017e,csegeview
18100,b5f63feb86731b3f,csegeview
18102,fb13ce6f7c18ec2e,csegeview
18104,20553f36f30a3b40,csegeview
18106,5e9b7a7d1d7bcd64,csegeview
18107,c3706eec8f07d428,csegeview
18109,92c8b6c67f087974,csegeview
18113,92a3922f7efb58c1,csegeview
18118,724c7abc62e77af0,csegeview
18136,b0377a5d688f1968,csegeview
18155,8067e81b8559c3fb,csegeview
18163,d960ae3cdeca6fe6,csegeview
18165,6eb9a31b2e06f564,csegeview
18185,c796e875523daac7,csegeview
18190,7b4b9b1ed951179c,csegeview
18194,bf839db9af89a82c,csegeview
18197,03a623ef7b6a29cc,csegeview
18205,4d991b0b937c0cf6,csegeview
18206,c3d744a0d5b1832e,csegeview
18207,25918f32775c710d,csegeview
18208,b069b10d815fd01a,csegeview
18209,c075ed8089144b1c,csegeview
18210,dca4568f1e16f056,csegeview
18211,a25a808de97bb88e,csegeview
18212,1bd4bdc6d4281e7a,csegeview
18214,14ac9c82e1880b91,csegeview
18220,23a39962d589e2ac,csegeview
18224,ec9da48420fa1ef6,csegeview
18225,53be9d979a1531de,csegeview
18229,b97d8a24256b2df0,csegeview
18232,94c784bf0e62814a,csegeview
18233,f50c4d7eed340cd7,csegeview
18234,ba0b07256a08cb29,csegeview
18237,a9c7038b523718f1,csegeview
18240,000fd57aa93f63ba,csegeview
18244,91f0b62475a3c4f5,csegeview
18245,d99f1276ca3e5e6b,csegeview
18247,4ad796eb2a8e85b3,csegeview
18249,20787311b4f66fd4,csegeview
18253,b9e1ad1fe7f00f94,csegeview
18256,c8000c8f1fc20381,csegeview
18257,81b9f0132f433fec,csegeview
18267,4243e5ab2ae579f3,csegeview
18270,1341b13001a7374d,csegeview
18279,a1573b041043b25f,csegeview
18281,1bc483f61a73cfa8,csegeview
18282,a2944384a785d0d2,csegeview
18283,4507ca28a12bd863,csegeview
18320,053bfd6e7f9bde81,csegeview
18325,971d7306d7fbd5c1,csegeview
18326,ecf85d271fe84f6e,csegeview
18327,be2589285f859eea,csegeview
18329,eb57cfee1158a18f,csegeview
18330,cb133e962aa429ac,csegeview
18376,6e7cf20f4b19266c,csegeview
18379,a2dfb9d4127eed51,csegeview
18383,74d4aeb82d2bc271,csegeview
18384,82fb790837037695,csegeview
18385,cd386b81c724df84,csegeview
18390,4f5c84a79a6cca75,csegeview
18393,8ebc406cfd571547,csegeview
18394,5ee8e73a075563ba,csegeview
18398,1a0a84642c551746,csegeview
18403,36da61b8a41ad4ab,csegeview
18411,6b80015f861ac5c2,csegeview
18419,5636d7498f955091,csegeview
18422,536f13a47b0dd3ee,csegeview
18423,8da3238f20a19902,csegeview
18429,616368aad98bfb06,csegeview
18430,82ac6c5f21bffc60,csegeview
18445,b8c84a5fec6c2830,csegeview
18450,55b3055e0f82de52,csegeview
18451,d24e6be706453235,csegeview
18452,8da7e962dd2ce8c2,csegeview
18453,b7eac429ed443825,csegeview
18458,edb84ac8cb935b30,csegeview
18459,b1339e1525a83d4f,csegeview
18461,ef7798820f3a0076,csegeview
18462,6fceae353fcdb36b,csegeview
18465,fc6d37798c836900,csegeview
18466,76d03ad82d6f55bd,csegeview
18469,b77ceb158de0a9a0,csegeview
18495,f288b44814d1bbcc,csegeview
18637,a4d42c63c7aa3cc4,csegeview
19117,6ceabda253cc7715,csegeview
19263,89def0a3a552b74b,csegeview
19387,d2901390bbec6159,csegeview
19452,ff3103c650807966,csegeview
19455,6a99d94748988657,csegeview
19457,26e0b0bc66736502,csegeview
19583,5a5bbdb6050d2f30,csegeview
19708,598de475eabf83f3,csegeview
19711,04571d0794defcb2,csegeview
19746,6978b78e8733c07b,csegeview
19774,dd893acde515e313,csegeview
19789,07b2e2e3da84127b,csegeview
19804,75f30366518b36c2,csegeview
19817,68f02d9f4cb4233e,csegeview
19855,3c1d7881d1ec1084,csegeview
19867,d175bde4c8794ade,csegeview
19871,6b97066272667d26,csegeview
19874,51fa7d38e6095a28,csegeview
19886,41a0a0fa401d3d2f,csegeview
19889,cfdddf97f3f55483,csegeview
19899,7d3340f7781b0058,csegeview
19901,2943c41e4a4dfcc2,csegeview
19902,5e6f1fb0db7492b4,csegeview
19903,a84d7553e1d84935,csegeview
19904,becee3836f820098,csegeview
19905,bec2ef21a88fd7c6,csegeview
19906,e1fb4510366ca7e1,csegeview
19910,207ff3005c2c26fa,csegeview
19971,f895289508fb0a40,csegeview
20601,04beb408d54ada2a,csegeview
20673,d6708179d7985df4,csegeview
20678,95ea6cb86db7f74c,csegeview
20739,6af0e12a82561b18,csegeview
20743,ac2f58123cce0e19,csegeview
20744,562b481eea07907c,csegeview
20745,e3c4aba31cc04bcd,csegeview
20746,65add92bebd74138,csegeview
20762,9b2ec14e5d6aa368,csegeview
20767,40c1606b495ecfb5,csegeview
20792,834c4db76976eeee,csegeview
20841,524113bf5435080b,csegeview
20853,07fc8ae9554cec52,csegeview
20911,96e8eb9300f14305,csegeview
20934,55321765ff0d9511,csegeview
20959,c1038b43ca18ed3e,csegeview
20992,9b16b5497db7da59,csegeview
21031,bab080ad0e90c978,csegeview
21064,5e06bb022b1fdf5f,csegeview
21108,9ce234fd308e7484,csegeview
21245,393dcca883a798d1,csegeview
21254,5ec3cf1db97835fd,csegeview
21263,5d2f5acc76317316,csegeview
21281,45664aa3ec0b3eba,csegeview
21288,0ab09d3694ba90b3,csegeview
21295,6b07583b90d53748,csegeview
21300,5517f823de77ac5f,csegeview
21304,d40c534136aed02b,csegeview
21311,903f302b73bece56,csegeview
21390,5a4c66ee475416c0,csegeview
21400,6b4cd2f8f7d8ddc8,csegeview
21612,ddf0972b9122ea1a,csegeview
21619,55170e886b34753a,csegeview
21846,721d135248b34c27,csegeview
22445,84fab8abcd808422,csegeview
22521,de2704f3116592d9,csegeview
22523,6b8c3b84daa775f7,csegeview
22525,327548bd8e9f0777,csegeview
22577,f45f2fd177dec172,csegeview
22597,de4fe96742442882,csegeview
22604,e833da61e74d37f1,csegeview
22605,2ece1fdc78aac714,csegeview
22608,eabf8ce010ec94b6,csegeview
22609,0b3b2f045094f510,csegeview
22624,4744220694d16333,csegeview
22682,bcc7f3c86f02d562,csegeview
22683,3ef58691df0cdbf5,csegeview
22684,0c21a0c3b7c77f8f,csegeview
22685,0e3c153928c59f25,csegeview
22692,1d3f6c4d8baccc78,csegeview
22704,cd8f4c178ea63b3d,csegeview
22706,aebaeed54025df8f,csegeview
22710,e0f8e0d26726190a,csegeview
22712,ba328a2ab85ffaa7,csegeview
22713,4ff72c0009ea2763,csegeview
22714,28b92cec445ee5fa,csegeview
22718,a676c0e5beadcbc7,csegeview
22730,ca25703c5c055aab,csegeview
22732,a21793100412d313,csegeview
22751,4de3f95e05e3a518,csegeview
22905,0a92d151905c99b1,csegeview
23453,ffd6b4b657e62672,csegeview
23830,4fa2f006717c42f8,csegeview
23873,748bf5e25418e9a2,csegeview
24033,4c578acc44172336,csegeview
24060,481ced6c5fa1fe39,csegeview
24601,cdb91dff24268f08,csegeview
24664,01dff96a43fdea5b,csegeview
24931,0bae0ea8fde5ae1a,csegeview
24934,bb4f1fc65c386695,csegeview
24938,0e2b4a383b391275,csegeview
25033,7d5a3d1ab45ffc03,csegeview
25238,05d8db40897c1b49,csegeview
25615,4529bcf366dae11e,csegeview
25685,ea7dca2ecafa26a9,csegeview
26760,aa4439fbeffa2f3e,csegeview
26767,26f8e7d455fb1911,csegeview
26768,4316711eda75caf6,csegeview
26791,96499f038446c075,csegeview
26829,0cd6b9849b42e6cd,csegeview
26832,adb02b7f190d472a,csegeview
26855,34cf66eb3d6031a6,csegeview
26862,0372951ed904d994,csegeview
26881,377443d28b45f92a,csegeview
26882,37b7c2ef91738e2d,csegeview
26885,69376fa61480dbcd,csegeview
26887,7902e9c026d02775,csegeview
26888,dc6121136ee4aff6,csegeview
26896,4ab291ffb6fda926,csegeview
26897,e36f0c5bbbdac2df,csegeview
26899,aa2c0450def22586,csegeview
26900,ea73c823b0c3bca6,csegeview
26903,3bff6bbcc3c0b6a8,csegeview
26909,551be80fafd590ba,csegeview
26913,f85ffa8353d9aed8,csegeview
26920,4f7805193267125e,csegeview
26955,d1f1ecd7e66cda3c,csegeview
27072,004cd38875ace989,csegeview
27075,4e07ec4b6ca53833,csegeview
27076,145b1c2a913c96f6,csegeview
27077,97108475bcc820e3,csegeview
27080,a672c1c7458be804,csegeview
27086,6c1f771527ceeaf8,csegeview
27089,c870c75e356ac8f2,csegeview
27098,32733f282e8a1ba8,csegeview
27100,4d9d4f01646986d0,csegeview
27101,f309a7df839dc648,csegeview
27102,0394fba2e8f15b4f,csegeview
27114,7faf836b9e0a1adc,csegeview
27115,ed3f5993caac5677,csegeview
27117,b070b47bac1d6bc5,csegeview
27120,c9e0d3256f1b162d,csegeview
27122,e3f1503306800f2b,csegeview
27124,395d45b239efc8c2,csegeview
27137,d48a9e8f55c5a564,csegeview
27138,53a50ec58fab9db0,csegeview
27142,01570d6b7dd60afb,csegeview
27143,aed23e166ff73f6d,csegeview
27144,8ff56c98c7f91b66,csegeview
27145,811a441902efbc3b,csegeview
27146,85b1c66348a39158,csegeview
27149,787b41765da50959,csegeview
27150,a3e48531bbc03046,csegeview
27151,756b8d4c439a931b,csegeview
27153,0be153b5af196c38,csegeview
27154,28a728ffd34268cf,csegeview
27155,d1870397b35145cc,csegeview
27156,7a41970047f2fe17,csegeview
27157,8368d34532140408,csegeview
27163,8c7db808c6ded336,csegeview
27180,67ba72c616cef358,csegeview
27191,cb2202289efafca3,csegeview
27192,4b2da193a3bbdad7,csegeview
27233,bfed2270155c3a37,csegeview
27238,ad9d950bed75e4b6,csegeview
27239,97fa5606c7e6e5f0,csegeview
27240,407334eddbe9a49a,csegeview
27241,647b5715a301bc93,csegeview
27242,0b80a7577d0016c3,csegeview
27243,db177a730e430559,csegeview
27244,680efbc24a2c809d,csegeview
27245,4dc60a025c6a3254,csegeview
27247,60e40829ebe99e51,csegeview
27248,51c13072d037caa0,csegeview
27250,778d2ded4960f1a4,csegeview
27251,ca092a7318869ab2,csegeview
27252,54289e27fa348c73,csegeview
27253,0508e9ecd0204753,csegeview
27254,4516d266367cae0f,csegeview
27255,30c5d4ecf8d7f524,csegeview
27256,0b2757664ba0bf30,csegeview
27257,2fadeb80be818e77,csegeview
27259,d196b81f93d916a3,csegeview
27260,e72dbeec4ae8817e,csegeview
27261,fcd45addaaaa02f9,csegeview
27262,22340d584709caf0,csegeview
27263,a76bb177f1a08817,csegeview
27266,b02fb3f37c71a8c8,csegeview
27268,a166b9b7f9e442cc,csegeview
27269,fac344f9ae607fdd,csegeview
27271,a75637fba1437e70,csegeview
27272,9cc885a482403424,csegeview
27274,dd7ce1e9a8ea9b38,csegeview
27275,af6f97fb3f27f805,csegeview
27277,dbd5303fc1faf336,csegeview
27279,56a698e89785fe02,csegeview
27281,a123043fe7e2a9f1,csegeview
27282,3c6dfba80e32a667,csegeview
27283,4df65f0b0894cc40,csegeview
27285,1a8a7b67ec7284d4,csegeview
27288,0d1bdc214c95bec3,csegeview
27289,95737fb1c0380fd7,csegeview
27290,7b202ff4217b2897,csegeview
27291,9cb3afb0178ab7f7,csegeview
27292,b0b0867f7d43eba3,csegeview
27295,7f83c8ed5e8b2e5b,csegeview
27296,8db069255f07d2d2,csegeview
27299,654aee69e98e8357,csegeview
27300,91dc62131140e843,csegeview
27306,4e42c28685289849,csegeview
27307,cb5e83d78242b3a0,csegeview
27309,4e6a62ab5272e4c8,csegeview
27311,abeff42bda6e46e2,csegeview
27312,3bd0477108f19dfb,csegeview
27313,061cfdc7b3766f4a,csegeview
27314,96b67209b302f960,csegeview
27315,142d04f51ce951f5,csegeview
27316,4d3dffc4b871301f,csegeview
27317,13b77fa27de5e09c,csegeview
27318,7b4be70feaf9f6bc,csegeview
27320,c98a5aafef02667a,csegeview
27321,57486b337ba0099e,csegeview
27322,1638a34ce5132981,csegeview
27323,c3eab0899762ba6a,csegeview
27324,70839569511d127c,csegeview
27325,fc099feb4ec6f39c,csegeview
27326,2d20cd9be132045c,csegeview
27328,27a5e0588b24f465,csegeview
27329,b38b90e2792f024e,csegeview
27330,a344bfbfec98421e,csegeview
27331,d16f9e7d673b92da,csegeview
27332,572d6fa60d52fc81,csegeview
27334,a2c75f08f995e3fb,csegeview
27335,05b6238acab72624,csegeview
27337,7ac4daa461e6d321,csegeview
27338,5e0bd2a02516ddfe,csegeview
27340,0afafaeebbc106bc,csegeview
27341,09234aad9853d9cc,csegeview
27342,20973a55061299da,csegeview
27343,339e590c31c3e520,csegeview
27344,09dbcbaafad8aa6f,csegeview
27345,0778ef97c1f0b7f9,csegeview
27346,2d4d39d9734b4c9d,csegeview
27348,3b8d3fd1e3414b9f,csegeview
27349,4ed06cbdbd6a60a0,csegeview
27350,d221975447c3413a,csegeview
27351,1ff6c67d55ecabd7,csegeview
27352,5ae48b1cf34b0142,csegeview
27353,d3eea93eab0fcd0f,csegeview
27354,cdbd34b547462c26,csegeview
27356,9f6568be09f3b80f,csegeview
27357,fe6c6e20a079ba94,csegeview
27358,601a5ff481f2cb8c,csegeview
27359,a0c746f65735b6c0,csegeview
27360,4a0d51f44aa45834,csegeview
27361,d308b93cbd56b408,csegeview
27363,4dc42f12c8a4d5e1,csegeview
27364,b7333af15164241a,csegeview
27365,bfdd3593f88f96cf,csegeview
27366,9f1362bd22b5c93a,csegeview
27367,356aa5929b3fa23a,csegeview
27368,d6bef2dc9075c555,csegeview
27369,c947624aaef5a3e8,csegeview
27370,26fcac5a92511f95,csegeview
27371,c11f94e99ff4bb68,csegeview
27372,a407fe3c0b20eb82,csegeview
27373,483a51bee5b026d8,csegeview
27374,ccd63d262fb5600a,csegeview
27375,d1415a5ef74d5b57,csegeview
27377,a6b92042509ad661,csegeview
27378,ac40125d2981dab5,csegeview
27380,00303e8caac1a041,csegeview
27381,b4e64bd2181826b9,csegeview
27382,0fa10ba5dba52ecd,csegeview
27384,1c25567d8b4671f6,csegeview
27385,2250001c0be077a5,csegeview
27387,7f08d0865d10b2db,csegeview
27388,5c5f36fd08bc11e9,csegeview
27389,dade317d989e4f89,csegeview
27390,fd40b8f064bafbe0,csegeview
27391,563025e6b44c750a,csegeview
27392,f1249f5a8ada2a87,csegeview
27393,bbbc4c788a003e46,csegeview
27395,86e88c31b8b25013,csegeview
27396,3c485997d24927df,csegeview
27400,2cfbba8091004020,csegeview
27401,4d63ea4464c93255,csegeview
27402,be8d0e64471c734c,csegeview
27403,2f706afd49bb1608,csegeview
27406,6b0914116bb54d82,csegeview
27407,8c0c558d187d779b,csegeview
27408,eeb33cf931e0aed9,csegeview
27409,b0df2ac319c94c6a,csegeview
27410,1457ca43919e627f,csegeview
27411,2ac9355434b18b3d,csegeview
27412,590f28aa69560873,csegeview
27413,676a25f4b6c80508,csegeview
27414,fcf5f137f9318d31,csegeview
27418,df5b88657ba15c72,csegeview
27420,ae3cbf098b1f79e9,csegeview
27421,f502c7af39edb182,csegeview
27423,d11927df8182eb46,csegeview
27425,e22bef3dc502bcc8,csegeview
27427,7945dda8989f39a6,csegeview
27428,d55872eac74c8ad7,csegeview
27430,8502d84370375642,csegeview
27432,efb94ddcd4ea756e,csegeview
27433,31630d59ab13b1b3,csegeview
27434,f6d5c0c60c95f5b2,csegeview
27436,122cb892aa2e7b6f,csegeview
27437,3e52295a4dcf4514,csegeview
27438,9f28537f4e66a377,csegeview
27439,f27d0128d2bda940,csegeview
27440,ca093ce77996cc62,csegeview
27441,5972d862e951f1cf,csegeview
27442,7a16087175fef76e,csegeview
27444,a9d685a6e64aecdb,csegeview
27445,45538eed1bddbe18,csegeview
27446,80b0ed0a9a65a3b1,csegeview
27447,f7509680faed8e06,csegeview
27448,f8cf1dc51f2104e7,csegeview
27449,84dc7899c8db545c,csegeview
27450,ee7c87e0befb503f,csegeview
27451,3d851d09c3c9a12a,csegeview
27452,b5118d17b3a4b347,csegeview
27453,29fe25cde6d5de31,csegeview
27454,7be010ed1375b21e,csegeview
27455,550dc10951802968,csegeview
27456,500bcb0d30203632,csegeview
27457,46de24ccba695d38,csegeview
27459,eefba189c7a141b9,csegeview
27460,6f7c8d03edf1d5c3,csegeview
27461,1858aa786dd9c0a1,csegeview
27462,4c7d40c95307f704,csegeview
27463,9c71d73ffbabe1b8,csegeview
27465,a54f75dffdbd0294,csegeview
27466,22f62225bee72952,csegeview
27467,40ed1cb19c449a9f,csegeview
27469,d2d261a9d3903914,csegeview
27470,0f4b904922568f30,csegeview
27471,63d86960832c5096,csegeview
27472,b5e3644087632998,csegeview
27474,a604c74d76e0b1ac,csegeview
27475,a451cca37735753a,csegeview
27476,e4d25436c993fb11,csegeview
27477,474286070686ce33,csegeview
27478,3f809b61390bb679,csegeview
27479,e919256ef13b9d13,csegeview
27480,c0e85bcaf591306b,csegeview
27481,8de7d3f45a924eac,csegeview
27482,8be46093d110fd3b,csegeview
27483,301721b20b951e00,csegeview
27484,3d2b7fed0d4929bb,csegeview
27485,60b5859e4b985915,csegeview
27486,2c0e363c4fd4e78e,csegeview
27487,c11109817a864681,csegeview
27488,d6ad75e5c20520c1,csegeview
27489,321f24ec2ab96226,csegeview
27490,5c0770e1dff5ab3a,csegeview
27491,428fc4a68193d4b7,csegeview
27492,ad3f1784197dab5f,csegeview
27493,f535bbe5d55bb771,csegeview
27494,eba8af5449ef5ba6,csegeview
27495,5202084d6b73861c,csegeview
27496,e4d93ea7ba81c47c,csegeview
27497,96ab0460ae1cc045,csegeview
27498,6f2f88186476a473,csegeview
27499,53c4303ed3062f10,csegeview
27500,9d781887bac16d92,csegeview
27501,7f46a59b994e4cf0,csegeview
27502,c81142f1854ff858,csegeview
27503,9942bab009ab792c,csegeview
27504,1a9c3ad8e3c95bb9,csegeview
27505,10e391d289354738,csegeview
27506,27e01fff3c369831,csegeview
27507,87e3ae60efaaf691,csegeview
27508,ed481daa03791102,csegeview
27509,a43bc4f70b1144c9,csegeview
27510,546dc73eb84c93cb,csegeview
27512,343179bc6c75c811,csegeview
27513,830def964ae86f07,csegeview
27514,8312fd950ba5a40e,csegeview
27515,5101f248e02e633b,csegeview
27517,f3660684f0673cb4,csegeview
27519,4d1a2e2e5bcfbd84,csegeview
27522,cc2b9c5f04ca57a4,csegeview
27523,85fa2ff6b8ae2b7e,csegeview
27525,d06c0df46aa97b38,csegeview
27526,49ec0b13f429174c,csegeview
27527,6322feb621a714e0,csegeview
27528,6132f1c60773e26c,csegeview
27533,db678471dd11cc1b,csegeview
27534,48ff5b83c501cec3,csegeview
27535,d01c3a84c1cc384a,csegeview
27536,2fc60dba69297fcf,csegeview
27537,bebad30161d605bb,csegeview
27539,7f217cbd548d6819,csegeview
27540,79b8fa65af8d9f85,csegeview
27541,d43c9f54f5f3cd2c,csegeview
27542,fc91835a9da5da04,csegeview
27543,b39ae9807bc3dd89,csegeview
27544,fff34890478f08df,csegeview
27553,9625d631e49ee9a0,csegeview
27554,50f67c9517aea32a,csegeview
27647,bf134991686e857e,csegeview
27696,80e3b5f555bb2d1d,csegeview
27777,7200ef52dd7cd210,csegeview
27796,051edbb0e8b157b4,csegeview
27816,70c20afb1f0a2f2f,csegeview
27850,d5559873634df0fe,csegeview
27881,aca6b8037260517d,csegeview
27886,81c37edca3f0e49e,csegeview
28042,1174751671d2a0ad,csegeview
28049,b1d56f22dd797806,csegeview
28052,bd08737a51d907ac,csegeview
28056,eaebd11af13f594a,csegeview
28057,c7c633fb9fc2517e,csegeview
28058,8ae9c8180f50ebe2,csegeview
28070,2487a31d92f936a0,csegeview
28073,dc6a5637e94b6573,csegeview
28108,80dc5ca2d632220c,csegeview
28121,348b08c19c0d50e5,csegeview
28129,6f182a3bd680c7fe,csegeview
28142,6c8325ce425dda31,csegeview
28143,34c520b6554b0f41,csegeview
28146,2e4f20ae7d7bf8d2,csegeview
28147,b9fdc69fd75ff9c9,csegeview
28148,45c9616bfbd8dfd2,csegeview
28149,3f5f3dc3003e06d9,csegeview
28771,e12e08db3ba0a352,csegeview
28773,3f3c5852622f67a8,csegeview
28792,2c214c6e9e2f5525,csegeview
28793,95c32b6405cd8ab0,csegeview
28794,f8f52d2fd54fa3cf,csegeview
28795,4f6463ba0805487a,csegeview
28799,fa85fbea4dee5234,csegeview
28802,7cb06f79442425df,csegeview
28810,a5a78af1856e3985,csegeview
28815,57336667bd3fd09b,csegeview
28818,ac8d3530831b17e4,csegeview
28819,eaadd20911e049d5,csegeview
28929,ad4507e750e197cd,csegeview
28935,e657adf1bbcdd2e6,csegeview
28937,cf2d24fd871e396c,csegeview
28939,e50e80b656a09c84,csegeview
28942,9a16c57a5c818deb,csegeview
28943,bd18b08396c3b7dd,csegeview
28961,6ff037879af143ed,csegeview
28962,61c1eaaeedf27c29,csegeview
28963,9d1e145fb0fdc9f6,csegeview
28964,bc61d0e881fbbeef,csegeview
28966,4e0bf361ec53b165,csegeview
28967,404ef37056186d93,csegeview
28973,6f25dee14c66186d,csegeview
28974,f21c744a3ce05b07,csegeview
28977,c053eaa2881757bc,csegeview
28978,8c1e21c37948d3e2,csegeview
28979,b42fe1cc3f60caa1,csegeview
28982,3c2ac6d875c333f1,csegeview
28983,5ef6787fe528367d,csegeview
28984,d0e35abe77231c61,csegeview
28987,39c1ce113f4101c9,csegeview
28991,b93807c5bbd89e73,csegeview
28992,9a6bdd4fd23554ee,csegeview
29000,816e4eac50fa0d2b,csegeview
29003,b57f6c8e84f0c582,csegeview
29008,5fc9ab78a8d26fe3,csegeview
29024,ad74602669f0d9ef,csegeview
29026,4eba72bdd6ac29b6,csegeview
29032,3f1ee629197a7ee3,csegeview
29033,39a88b48f08091b1,csegeview
29039,a09efc1ee12444c7,csegeview
29058,6da0d1ae3963d1e0,csegeview
29066,9959e723f3cd0b6b,csegeview
29091,8c4604dc4c830f70,csegeview
29194,1.73E+15,csegeview
29197,85846aa6f589b4d9,csegeview
29198,879567f842070b1c,csegeview
29316,480820a485f4a4bd,csegeview
29317,4e2acd434d6a2b5a,csegeview
29331,735978ab0088b9d3,csegeview
29442,48b014a1a73eb56b,csegeview
29928,2253d081b451593a,csegeview
29990,e324426a13ba13b8,csegeview
29994,9e766c06f88e3699,csegeview
30002,80a730280014bbd3,csegeview
30187,e55a0d144483961e,csegeview
30216,49e46598d449e329,csegeview
30229,ff3e64e0b06425ea,csegeview
30231,02745c2d8b9090e9,csegeview
30232,ad33a3f72fa8ed17,csegeview
30236,7ff6bcb51d1bdeb4,csegeview
30243,3183dd9e00bbae03,csegeview
30246,d39e1d73c95ab4e8,csegeview
30261,e18ca4950c349a44,csegeview
30284,148f4e644d22cb8b,csegeview
30342,2829b8639286300b,csegeview
30356,e2165ec019df61f1,csegeview
30357,611781e5d51a82f8,csegeview
30368,6c36c4d34dd5d86b,csegeview
30392,6a30d9e069d89ff3,csegeview
30394,1f76051c440d0804,csegeview
30406,c89b1fcbec3f3416,csegeview
30445,3bcf537200d1aa95,csegeview
30447,2ef5390bce525151,csegeview
30451,b8aefed0022ca411,csegeview
30455,40b4dca36ad22392,csegeview
30458,29956420793d9236,csegeview
30488,569277f71ec1074e,csegeview
30490,0fff777f36053254,csegeview
30500,1d5239fb1181a2c1,csegeview
30504,cca2d18537cf188b,csegeview
30536,726a0cbe79a07764,csegeview
30546,762f2bd14057150b,csegeview
30548,d1a56db12efd89e7,csegeview
30551,7761cfe9b1c0eb37,csegeview
30553,1eaa5de14492ea67,csegeview
30554,c3b89632cd739449,csegeview
30572,ecec9aab64758e44,csegeview
30573,e0f3cd2bf037669a,csegeview
30574,ffafbfa04178e9f3,csegeview
30578,bb9f57544359149b,csegeview
30580,7d27bf554bbd366b,csegeview
30581,7a75ffeda66c1d61,csegeview
30582,40184a2e2734d3ff,csegeview
30588,d8c092565feda8a5,csegeview
30598,251e36f65068efb5,csegeview
30600,10566eec67635733,csegeview
30601,e92df2b5a7c3db01,csegeview
30604,df122316ab4728e4,csegeview
30605,56bf2ff8a4d972e8,csegeview
30607,72061e1490686f5a,csegeview
30613,dab147fd0e36e432,csegeview
30614,a3c711f55d8c1812,csegeview
30633,f3db601b32de7ab6,csegeview
30634,d486624cc82984c3,csegeview
30642,3eb1d80fae79a79e,csegeview
30655,0df23a0105c23ccc,csegeview
30656,b18467b541bf6a5c,csegeview
30660,03904c8a74ade32b,csegeview
30676,df36e7e5ded6ab4b,csegeview
30677,bb17ae48f1cdf043,csegeview
30699,7fc9d423d601ef3d,csegeview
30700,5af184881c2a988f,csegeview
30707,1a7495370090f325,csegeview
30715,97261a9517e78225,csegeview
30719,77891e7d131e4d80,csegeview
30725,1d5864ffa04ae93d,csegeview
30728,519ecd57303c47e2,csegeview
30730,811c25dbd7388266,csegeview
30731,174d50b8b21c95bd,csegeview
30733,cd882261d5244d22,csegeview
30734,6a78ba10ca2e4d3c,csegeview
30744,ed3d47413d91f63f,csegeview
30750,2435f4e07aa462db,csegeview
30767,b2f74c51d80693f4,csegeview
30768,becf4f8e28205e30,csegeview
30775,7b0f7a9d6a69fd57,csegeview
31317,952a29229679e1c7,csegeview
31328,874ffe6ce0b5a04f,csegeview
31331,793fcc0c894a58e3,csegeview
31373,3076d27cc936fdaf,csegeview
31374,d06e5953ef99d250,csegeview
31376,8cd7e06633977c7d,csegeview
31482,3da15aa7c0c98228,csegeview
31497,a3fc6f74d904a3d3,csegeview
31509,abcec840b5a082b1,csegeview
31553,b492c9e5bb7cf771,csegeview
31558,47d7087caa8f5570,csegeview
31559,743f9586f5a6aebe,csegeview
31562,158e51b39d8963c9,csegeview
31619,759ed3f43ac8618d,csegeview
31635,40679a0a1754844d,csegeview
31658,9482c5948f07cbb2,csegeview
31723,a95340f5f2e173db,csegeview
31793,01aec7309aa9a6bf,csegeview
31828,8c002622c028a699,csegeview
31866,9e8f5597fcf9b800,csegeview
31870,3da15aa7c0c98228,csegeview
31871,cd9b749a9edb8308,csegeview
31893,029dab9271122d68,csegeview
31957,862b98ea8b91557e,csegeview
31989,b4c6b8f9ed1c69d2,csegeview
31993,588f762dc03d02f7,csegeview
32005,5e53f07cca4be94d,csegeview
32006,08a7db6ae0e89e83,csegeview
32008,ec0baf0f0d880c27,csegeview
32009,51ea9ffac13f5977,csegeview
32021,e90d671e824be419,csegeview
32022,fc6178e63fdc8b3b,csegeview
32023,df12766a7d39eb8c,csegeview
32024,9e16677662c422a8,csegeview
32028,04a774146246e77d,csegeview
32030,c2361bef6d2cd533,csegeview
32034,5095d79646f92906,csegeview
32035,793cc753e50b8ad4,csegeview
32043,06dcb336c843cb6b,csegeview
32045,1e1439a6c18be60a,csegeview
32046,c9abd428c0482377,csegeview
32047,1ae5dc881fdc3f72,csegeview
32048,6d07e57851e95f63,csegeview
32049,9b3459f47ed55ae1,csegeview
32050,12485d1a3b973add,csegeview
32051,618db08dc42899d1,csegeview
32052,6c1fa1b63e5e36e3,csegeview
32055,0a45efdda1685f0b,csegeview
32056,a4c75bca94ebd31e,csegeview
32057,7b5a1643173f4adf,csegeview
32058,58313ae058f362c5,csegeview
32060,cf7dc33b5b4a4edf,csegeview
32061,a239cb887d61fd1d,csegeview
32062,4ed177f01fc1e25e,csegeview
32066,3cbc4e8e89394fbf,csegeview
32067,aff0a8de55957d10,csegeview
32068,953cb3c236c11f09,csegeview
32069,96e9b2fe0a29a4f4,csegeview
32070,4e037ea475317be6,csegeview
32071,1af3157b80ec11a7,csegeview
32072,efe5973d178f3ce3,csegeview
32073,2add382e7b609f14,csegeview
32074,36ecf656cee50934,csegeview
32075,fa8e59ee9cf37212,csegeview
32077,8907f1643a1b3453,csegeview
32078,da32f1661f1b062b,csegeview
32079,df6d1664a2c4a17e,csegeview
32080,03d60804c305e44b,csegeview
32081,92b1a36197773783,csegeview
32083,f2c6ba1142ac21a4,csegeview
32084,342fe39c22db6d6c,csegeview
32085,2473fcc4358eb26e,csegeview
32093,48e1660643cb96e6,csegeview
32094,fc4c04b1b65eac22,csegeview
32095,7.40E+15,csegeview
32096,78c1c6fcd1d30a21,csegeview
32097,7919c3f121ff2941,csegeview
32098,fe5935a47d4806d8,csegeview
32099,7cb75bef35f01e83,csegeview
32101,1856b408f4315d2a,csegeview
32102,5a8d02a010240324,csegeview
32103,c17726acd38b5fc1,csegeview
32105,cbf2a564120b8ae0,csegeview
32106,91345929759ccbb9,csegeview
32107,406d7a540726b394,csegeview
32108,afaa5b2908f1cd88,csegeview
32111,13160cf36db51e21,csegeview
32112,dc4ad21086c505c4,csegeview
32113,868eb740429bde5b,csegeview
32114,520c42881c1fc9a9,csegeview
32115,ca70c7ccb70de1ae,csegeview
32116,185131d86447f0c6,csegeview
32117,b005a3bcb5d5b1e1,csegeview
32118,570221418b37a030,csegeview
32119,ae9e6b5911037b0d,csegeview
32120,e7029fec51ac04f2,csegeview
32121,f573a68ddb5a4ca9,csegeview
32122,ab729dc81ce2b87d,csegeview
32123,1f46d80d2435b018,csegeview
32124,ae14640d12e22494,csegeview
32126,7c0ce622c7c7fe1b,csegeview
32127,c71a1920adc7e0da,csegeview
32129,b43439b34df637ca,csegeview
32130,99abe15f3341969b,csegeview
32132,8f82e048982ec01b,csegeview
32269,f693a2d9372f9714,csegeview
32351,abcec840b5a082b1,csegeview
32353,ead990905b619bb0,csegeview
32358,6d33597f2d77891d,csegeview
32400,1d145012bab84fb6,csegeview
32401,ce50bd67c2b0e71d,csegeview
32440,40ca4797aaaca3bf,csegeview
32446,7543b7635f8874aa,csegeview
32447,d4a2e3b59ff55175,csegeview
32448,298c7f001912a4c7,csegeview
32467,b75f2477787f5406,csegeview
32534,2e25cea97db25fab,csegeview
32538,2dc5c244519ecafc,csegeview
32966,dcd1e63a62894f41,csegeview
32969,8b21ba5885de0634,csegeview
33084,a7e62196c7b3368b,csegeview
33104,0712b4ab0ae798bd,csegeview
33144,67566f6c1866d8c3,csegeview
33145,13a0c46be5fa6993,csegeview
33152,d9c0e546c7589764,csegeview
33154,790677dbaeda2dcd,csegeview
33190,f89838b6a0305692,csegeview
33195,2fddf5a264c0c43f,csegeview
33211,56a2f55b0fc241fd,csegeview
33212,d05891998fdaea1e,csegeview
33213,a4f8ce44aa123949,csegeview
33234,d02293080371aba9,csegeview
33298,1562249afd86f16f,csegeview
33350,7ac6ddca6fed753d,csegeview
33429,b010657502968b4b,csegeview
33434,ccfc1d3f663af7c7,csegeview
33466,ac2615ee369f9b1e,csegeview
33536,7982c19503d48b7e,csegeview
33548,653b1cca5c9bdd0c,csegeview
33563,99183c9f09ef0e6d,csegeview
33564,4a539f6534395f60,csegeview
33613,4d9c33035a173932,csegeview
33665,53277b137bdbd104,csegeview
33699,703174906e5ca307,csegeview
33853,20b6b95be30aa8b9,csegeview
33874,b43f376e0ced557d,csegeview
33884,0642ed796536ecdf,csegeview
33918,fac894405c9c6932,csegeview
33948,4d579d293613192a,csegeview
33955,2b226b0ce0edb8fe,csegeview
34418,8487ffcc7e2221cd,csegeview
34428,8aec501bfb13c461,csegeview
34557,63c03d0491e2ba17,csegeview
34726,e99933b91e3955e5,csegeview
34842,5bc82b5c2bd9d415,csegeview
34915,30cee927246f92df,csegeview
35763,b49d262bc657e802,csegeview
35779,49625273a37907fb,csegeview
35886,6e92e81e0e7917f3,csegeview
37373,0143d405b73fd968,csegeview
37429,72bbf48a4ebe96be,csegeview
37490,7f983d602810a746,csegeview
37526,ca0e9408a6e46714,csegeview
37530,2b58607f62dc269c,csegeview
37533,4aac17437d60c303,csegeview
37534,a5ef7c39f0ed5a3f,csegeview
37546,7bbaa5c1d5fe442b,csegeview
37550,65074dbdeca691c3,csegeview
37551,3cb6ec15f0f48e39,csegeview
37561,b88cb2693974a73d,csegeview
37563,e7b89a4e6b5a4755,csegeview
37564,7a6d127cb31ad838,csegeview
37565,182b79fa43447eb5,csegeview
37568,b4d60447313c32f0,csegeview
37570,a6b41d60f30ed6b2,csegeview
37573,3c32a0661743f743,csegeview
37575,643e45e9bc3ab367,csegeview
37582,07b7cbd6a25e6eae,csegeview
37594,2e34bfa4d02b11ac,csegeview
37595,e7d73516e6ebed25,csegeview
37598,7daab4a3986f04e9,csegeview
37629,3b4e3b3452dcf5ec,csegeview
37632,eac94361c0263008,csegeview
37634,cabd6f9b6b11f2ea,csegeview
37635,b325eb8c31e47518,csegeview
37638,953841b887ea539a,csegeview
37646,b4ec8d66a4fa359f,csegeview
37650,59c2ae3d2ec82f97,csegeview
37655,995cea5d4235facb,csegeview
37663,703e03bff9f8b033,csegeview
37664,bd812eeabd94d5ee,csegeview
37665,109fd5b4a5436dc9,csegeview
37668,675c06b8fa209b37,csegeview
37669,f2c86acf76d75ede,csegeview
37670,9425c0c0cb525389,csegeview
37671,a683e7b14e973d47,csegeview
37673,90a3c0c27af31df4,csegeview
37682,ddf86c1dfd548efd,csegeview
37685,014a3c12a48d5bc5,csegeview
37688,3d4a9f06112f3476,csegeview
37691,641d6ce67418cceb,csegeview
37693,e4521f0d251eeec8,csegeview
37694,d244865f8236ea83,csegeview
37726,688916d63835a99c,csegeview
37727,47aefd8ce23d1c4d,csegeview
37732,bf1137c1bd4a22c2,csegeview
37734,d42d6220897a73f6,csegeview
37736,7ffd5509112b7012,csegeview
37737,c16b66926c51b472,csegeview
37750,041f25e43e9030fe,csegeview
37752,4a4e6a9d3cb2b648,csegeview
37754,f0176873fba9617f,csegeview
37758,e591006f7e918dd4,csegeview
37759,e35e6bdb4605f271,csegeview
37760,fe8397f8e01e17a7,csegeview
37761,a836a9477ce64488,csegeview
37764,560dc2308758dd5b,csegeview
37765,18d6e92a83acf8b6,csegeview
37766,4c56f78378806578,csegeview
37768,9f0ba2ee9f19d2df,csegeview
37769,8a6788c3ab0d9d03,csegeview
37770,665c6e5d761d054b,csegeview
37776,404b7f1555c95515,csegeview
37778,ce97ddf02d1ea6c1,csegeview
37782,562761d49eca34c8,csegeview
37785,3c1bdc6e9a798a6a,csegeview
37786,5ade1145db028883,csegeview
37788,7171042238b2f6e6,csegeview
37792,fd97ceff8d083f42,csegeview
37795,bcb03aad5172e7e1,csegeview
37799,bd6af4e3ad4dfa35,csegeview
37800,3c4ce3765b4ca06c,csegeview
37803,9c1f4e3f3589db19,csegeview
37807,9851a48b9afc749a,csegeview
37808,8e5123e93bbea158,csegeview
37810,8269ac6d68d5d170,csegeview
37839,2fcb3a3471129dee,csegeview
37841,d3dc155b5d8f0a68,csegeview
37842,26f8fe2e48ba3dae,csegeview
37844,40f1f018b2d192d9,csegeview
37845,ae3480aa2c6aaead,csegeview
37848,22497da1c6cd557e,csegeview
37857,044ae68e174af0c0,csegeview
37858,ea16019a5ad22148,csegeview
37873,de2ff9c3ebcc9630,csegeview
37874,3e611f625e71dc84,csegeview
37881,5966c5c2be0fdac2,csegeview
37905,d99e6f27968a7894,csegeview
37910,aa66e01123f6a01e,csegeview
37911,43671af463641157,csegeview
37912,d4e11dbaf599384c,csegeview
37913,2f82c599cfc8236d,csegeview
37914,902985d6a1cd5718,csegeview
37916,b0beeaf0f6559c24,csegeview
37917,67fb7ed08cf55fc5,csegeview
37924,cd73fc8df548b17d,csegeview
37927,21534a487427eb51,csegeview
37946,ce621c2f1682648c,csegeview
37947,b6024fc824a18ad5,csegeview
37965,f58fa1458eeeb409,csegeview
37968,cae300e979a30651,csegeview
37983,de4f7694eb5a5e08,csegeview
37989,e449795a29ba627c,csegeview
37998,246af2d51db91adf,csegeview
38005,caece4174aed98cc,csegeview
38006,4b3980ebdd69ecda,csegeview
38018,7dfb0b41f498ab4f,csegeview
38020,693aeb5dcf730a89,csegeview
38026,8df4160606763aca,csegeview
38031,133a34adbf64b0a1,csegeview
38032,74ebf69310b149c3,csegeview
38033,f07dbf0171f8972a,csegeview
38050,ac775cfb66600deb,csegeview
38054,2b4f27d0f908f9a4,csegeview
38055,4c9f945b54f547b5,csegeview
38056,6ddd7b57bfaf268a,csegeview
38061,ad2ff517b547ec6f,csegeview
38063,b2455567f30bc987,csegeview
38103,f5ba8a76f1ba84a9,csegeview
38117,0943d9cc14c1e1e7,csegeview
38119,ae36c88e9bb703b4,csegeview
38135,2497ebb7a3f748d8,csegeview
38137,d8a740e92d7e6c2f,csegeview
38139,cb04c9fdb7b4e49c,csegeview
38143,d66fa8adb9aea47c,csegeview
38145,81899e2a2e050471,csegeview
38151,d7f68b2169890faa,csegeview
38161,e565c1366e569cd7,csegeview
38167,1907f1ca22414b5d,csegeview
38169,f3a0a471f3fdcb36,csegeview
38170,56fdef54c6e93ddb,csegeview
38171,e4702c1a591c9887,csegeview
38172,f36895508ea1d20c,csegeview
38174,62c33dff8da79153,csegeview
38175,56f1e48c74c9baef,csegeview
38182,0eb4d335c9e99b79,csegeview
38188,237af71f33d8d02a,csegeview
38191,30d66274e4eb9fa8,csegeview
38203,63c6337910b44464,csegeview
38204,5e9346e3a551c25e,csegeview
38209,46fdb4e75a0ee150,csegeview
38210,6d6124365cd6ffff,csegeview
38220,2da5f957dc94f14e,csegeview
38221,360bc500aecb0e09,csegeview
38222,7e4e7b0692a27a17,csegeview
38226,5acb1aab765e72bd,csegeview
38227,e50738acb3366bf6,csegeview
38229,c75cb7ac75d1603f,csegeview
38232,8a23df83dd8eaae9,csegeview
38234,ce3271f16c220e09,csegeview
38237,68298ce985e602d2,csegeview
38244,39521793e4c25575,csegeview
38246,94145fceeec664ad,csegeview
38256,4f20096dbbec2080,csegeview
38257,9ecc928f095e9295,csegeview
38260,b902979857fd50f7,csegeview
38261,aa7ef977b4fcc0cb,csegeview
38262,260ca7ef6bb5ae68,csegeview
38264,02ca85a3f8b27eee,csegeview
38317,22ad12126b1ff507,csegeview
38338,4ac328239298a306,csegeview
38861,60031721a1c29ce8,csegeview
38901,228463314e55cff0,csegeview
38947,e5695018f09159fb,csegeview
38999,5ffcdc352bd675e6,csegeview
39001,ac7b854dbdf80c35,csegeview
39082,8bbb6bce3a7946e2,csegeview
39086,55140cee21a367ce,csegeview
39096,f634608b1002c4bc,csegeview
39135,a130085f11fafe9a,csegeview
39136,22864ca1fbd135b8,csegeview
39138,cecdfb9a3e5c8d03,csegeview
39231,2973f2b7775d4c39,csegeview
39250,e2c9fb3da5441414,csegeview
39257,6046434f096c63b3,csegeview
39284,465b3c32928c2fde,csegeview
39287,6892fad43fab8e34,csegeview
39288,71537ac961029c3f,csegeview
39290,7acc883938958430,csegeview
39330,6dd81263e91a84f9,csegeview
39370,ec56f9b60581c747,csegeview
39375,9b5133ba21f71682,csegeview
39381,687b906fb3b17eda,csegeview
39387,edda9bed25697fb2,csegeview
39392,b2ba9b1b6849ecc2,csegeview
39409,60faeb6611a9a49c,csegeview
39410,e5cd5963f474e3f8,csegeview
39419,c18cddab1501ba20,csegeview
39516,4458480e013ca427,csegeview
39522,bf369b2a70582488,csegeview
39528,9de73399484b0013,csegeview
39605,7eb61ebd90493f3b,csegeview
39646,3d171017ffc9df53,csegeview
39650,7eaef9466f803312,csegeview
39655,fb2712eb2304ba47,csegeview
39677,ee3c67b0736d3cff,csegeview
39702,d444e528b8b2852e,csegeview
39705,ed7c46d6900fb497,csegeview
39706,34719396d3903d17,csegeview
39710,49a10ffaf952adb7,csegeview
39712,48e8ed67a01de23f,csegeview
39723,ba7d1cf2f5f98df8,csegeview
39730,54282dbe1111e629,csegeview
39736,54703614fcb9e4c5,csegeview
39745,39ce10c429f08080,csegeview
39794,0647dd957ab0d02b,csegeview
40223,187ab2021d3ee9f0,csegeview
40267,b84f33879142fdfd,csegeview
40287,a5d089062494cf35,csegeview
40303,43f7225d0e5b0517,csegeview
40309,d41418861308d4fe,csegeview
41088,64dde3b0abc42578,csegeview
41134,0d43b2baaa73a513,csegeview
41235,b7887c77d7ddbe25,csegeview
41302,a1240169c8ca869c,csegeview
41303,3d5b2f8f62488cf4,csegeview
41353,b0351274af067209,csegeview
41407,9743b442faea0fca,csegeview
41430,6936f85524189002,csegeview
41431,9a35608aacf50ee7,csegeview
41555,d02f818acb2aa8d2,csegeview
41629,1189229c104b1c1e,csegeview
41637,91148db822a28777,csegeview
41639,54506df0ec6e1ef8,csegeview
41641,9414ace64810885f,csegeview
41643,2664978de6590312,csegeview
41653,3c6649d3364bfc4f,csegeview
41667,65d4cc237c505292,csegeview
41685,e47c273a29e83f83,csegeview
41750,b4da1bfa2816b2da,csegeview
41786,1b9f630811f2bc71,csegeview
41793,01937968f39ee714,csegeview
41795,ac7c89798584fe2c,csegeview
41808,50fcde6c28265067,csegeview
41836,ead9358e1cc0a8e6,csegeview
41884,290a156d0fa917fb,csegeview
41917,e649af00243194d0,csegeview
41925,ace47d6a1e5f67a7,csegeview
41927,7347af608754c36e,csegeview
41967,e2fe3650a7feb7f8,csegeview
41972,d9728efdba253318,csegeview
41996,0977583e7397f005,csegeview
42115,4283d43a4a329da3,csegeview
42119,dc36cfa296d4aede,csegeview
42177,b477ab9694683b2b,csegeview
42197,7e4c82493f50f740,csegeview
42212,d4afa980227625a5,csegeview
42229,3d5723fadb784b54,csegeview
42252,e60dc87a9b05b635,csegeview
42254,b30fef90e18e818d,csegeview
42326,47dedd63e007ec71,csegeview
42360,f19ca8ae68b5bf53,csegeview
43093,a569d771ff341adb,csegeview
43315,e049e8978deca6a7,csegeview
43319,fb56beb82faa1b84,csegeview
43356,651d5121d3f79abe,csegeview
43635,e51d33462d1be7ba,csegeview
43739,4c67362a51ae407b,csegeview
43793,6e583a4d737007a9,csegeview
44653,aa66afd11cf5a820,csegeview
44714,07bb9766a92d341c,csegeview
44899,3f8782ca475dfbf8,csegeview
44902,4aa99b8e27710557,csegeview
45032,05a702e055f9700b,csegeview
